env,,,,,,,
,bug_id,Summary,STR,AR,ER,Severity,Priority
,1,"Пользователь не зарегестрирован, при заполненых обязательных полях","1. Открыть страницу регистрации.
2. Ввести валидные данные во все обязательные поля формы регистрации:
Name: Vladimir
Surname:
Email: Vasyaivanov@spaceweb.com
Password: Ka5@tewung
3. Нажать кнопку ""Submit""","Пользователь не зарегестрирован. Под формой регистрации сообщение:
Error: Error: All Fields are Required",Пользователь зарегестрирован. Под формой регистрации сообщение: Success! Hello: Vasya Ivanov,Major,Medium
?,2,"Пользователь зарегистрирован при введенных двух подряд спецсимволах "".""","1. Открыть страницу регистрации.
2. Ввести валидные данные во все поля формы регистрации:
Name: Vladimir..
Surname: Ivanov
Email: Vasyaivanov@spaceweb.com
Password: Ka5@tewung
3. Нажать кнопку ""Submit""",Пользователь зарегестрирован. Под формой регистрации сообщение: Success! Hello: Vladimir.. Ivanov,"Пользователь не зарегестрирован. Под формой регистрации сообщение:
Error: Error: All Fields are Required",,
?,3,"Пользователь зарегистрирован при введенных двух подряд спецсимволах пробел "" "" в середине слова","1. Открыть страницу регистрации.
2. Ввести валидные данные во все поля формы регистрации:
Name: Vlad  imir
Surname: Ivanov
Email: Vasyaivanov@spaceweb.com
Password: Ka5@tewung
3. Нажать кнопку ""Submit""",Пользователь зарегестрирован. Под формой регистрации сообщение: Success! Hello: Vlad  imir Ivanov,"Пользователь не зарегестрирован. Под формой регистрации сообщение:
Error: Error: All Fields are Required",,
,4,Пользователь зарегистрировани при использовании кириллице в поле Name,"1. Открыть страницу регистрации.
2. Ввести валидные данные во все поля формы регистрации, а в поле Name ввести слово Владимир
Name: Владимир
Surname: Ivanov
Email: Vasyaivanov@spaceweb.com
Password: Ka5@tewung
3. Нажать кнопку ""Submit""",Пользователь зарегестрирован. Под формой регистрации сообщение: Success! Hello: Vasya Ivanov,"Пользователь не зарегестрирован. Под формой регистрации сообщение:
Error: Error: All Fields are Required",,
,5,,,,,,
,6, ,,,,,
,7,,,,,,
,,  ,,,,,