,,,,,,,,,,
,,,,,,,,,,
,ID,Title,INPUT,Expected result,Status,requirement clause,,,,
,Поле Name,,,,,,,,,
,Проверка валидации,,,,,,,,,
,1,Ввести валидные данные во все поля формы,"                          *
Name: Vladimir
Surname: Ivanov
Email: Vasyaivanov@spaceweb.com
Password: Ka5@tewung",Пользователь зарегестрирован. Под формой регистрации сообщение: Success! Hello: Vladimir Ivanov,PASS,,,,Date tested,2022
,2,Ввести валидные данные во все обязательные поля формы,"Name: Vladimir
Surname:
Email: Vasyaivanov@spaceweb.com
Password: Ka5@tewung",Пользователь зарегестрирован. Под формой регистрации сообщение: Success! Hello: Vladimir,FAIL,Bug_1,,1.1,Tester,Igog
,"
Ввести данные в поле Name * -(в остальные поля формы ввести валидные данные)",,,,,,?,,Environment,"ОС: Windows 10 pro(версия: 20H2);
Сборка ОС:19042.1348;
Браузер: Google Chrome Version 102.0.5005.63 (Official Build) (64-bit)
"
,3,Ввести валидные данные на латинице в поле Name,"Name: VlaDimir
Surname: Ivanov
Email: Vasyaivanov@spaceweb.com
Password: Ka5@tewung",Пользователь зарегестрирован. Под формой регистрации сообщение: Success! Hello: VlaDimir Ivanov,PASS,,,,Test item,http://itcareer.pythonanywhere.com
,4,Ввести валидные данные используя латиницу и цифры в поле Name,"Name: Vladimir786
Surname: Ivanov
Email: Vasyaivanov@spaceweb.com
Password: Ka5@tewung",Пользователь зарегестрирован. Под формой регистрации сообщение: Success! Hello: Success! Hello: Vladimir786 Ivanov,PASS,,,,,
,5,"Ввести валидные данные используя спецсимвол точку ""."" в конце.","Name: Vladimir.
Surname: Ivanov
Email: Vasyaivanov@spaceweb.com
Password: Ka5@tewung",Пользователь зарегестрирован. Под формой регистрации сообщение: Success! Hello: Success! Hello: Vladimir. Ivanov,PASS,,,,,
,6,"Вести валидные данные используя спецсимвол пробел "" "" два раз подряд в конце слова, в поле Name","Name: Vladimir  
Surname: Ivanov
Email: Vasyaivanov@spaceweb.com
Password: Ka5@tewung",Пользователь зарегестрирован. Под формой регистрации сообщение: Success! Hello: Vladimir Ivanov,PASS,,,,,
,7,Ввести валидные данные в верхнем регистре,"Name: VLADIMIR
Surname: Ivanov
Email: Vasyaivanov@spaceweb.com
Password: Ka5@tewung",Пользователь зарегестрирован. Под формой регистрации сообщение: Success! Hello: Success! Hello: VLADIMIR Ivanov,PASS,,,,,
,8,Ввести валидные данные в поле Name в нижнем регистре,"Name: vladimir
Surname: Ivanov
Email: Vasyaivanov@spaceweb.com
Password: Ka5@tewung",Пользователь зарегестрирован. Под формой регистрации сообщение: Success! Hello: Success! Hello: vladimir Ivanov,PASS,,,,,
,9,"Вести валидные данные в поле  Name со спецсимволом пробел "" "" в конце","Name: Vladimir 
Surname: Ivanov
Email: Vasyaivanov@spaceweb.com
Password: Ka5@tewung",Пользователь зарегестрирован. Под формой регистрации сообщение: Success! Hello: Vladimir Ivanov,PASS,,,,,
,10,Вставить валидные данные из буфера обмена в поле Name ,"Name: Vladimir
Surname: Ivanov
Email: Vasyaivanov@spaceweb.com
Password: Ka5@tewung",Пользователь зарегестрирован. Под формой регистрации сообщение: Success! Hello: Vladimir Ivanov,PASS,,,,,
,11,"Ввести валидные данные используя спецсимволы точку ""."" и пробел "" "" в конце слова.","Name: Vladimir. 
Surname: Ivanov
Email: Vasyaivanov@spaceweb.com
Password: Ka5@tewung",Пользователь зарегестрирован. Под формой регистрации сообщение: Success! Hello: Vladimir. Ivanov,PASS,,,,,
,12,"Вести данные со спецсимволом пробел
 "" ""
 внутри слова  в поле  Name","Name: Vlad imir 
Surname: Ivanov
Email: Vasyaivanov@spaceweb.com
Password: Ka5@tewung",Пользователь зарегестрирован. Под формой регистрации сообщение: Success! Hello: Vladimir. Ivanov,PASS,,,,,
,13,"Вести данные в поле Name используя спецсимвол точка ""."" два раз подряд в конце","Name: Vladimir..
Surname: Ivanov
Email: Vasyaivanov@spaceweb.com
Password: Ka5@tewung","Пользователь не зарегестрирован. Под формой регистрации сообщение:
Error: Error: All Fields are Required",FAIL,Bug_2,,,,
,14,"Вести данные используя спецсимвол пробел "" "" два раза подряд в середине слова,  в поле Name","Name: Vlad  imir 
Surname: Ivanov
Email: Vasyaivanov@spaceweb.com
Password: Ka5@tewung","Пользователь не зарегестрирован. Под формой регистрации сообщение:
Error: Error: All Fields are Required",FAIL,Bug_3,,,,
,15,Ввести данные используя кириллицу в поле Name,"Name: Владимир 
Surname: Ivanov
Email: Vasyaivanov@spaceweb.com
Password: Ka5@tewung","Пользователь не зарегестрирован. Под формой регистрации сообщение:
Error: Error: All Fields are Required",FAIL,Bug_4,,,,
,,,,,,,,,,
,,Граничные значения,,,,,?,,,
,16,Оставить поле Name пустым,"Name:
Surname: Ivanov
Email: Vasyaivanov@spaceweb.com
Password: Ka5@tewung","Пользователь не зарегестрирован. Под формой регистрации сообщение:
Error: Error: All Fields are Required",PASS,,,,,
,17,Вести один знак в поле Name,"Name:V
Surname: Ivanov
Email: Vasyaivanov@spaceweb.com
Password: Ka5@tewung","Пользователь не зарегестрирован. Под формой регистрации сообщение:
Error: Error: All Fields are Required",PASS,,,,,
,18,Вести три знака в поле Name,"Name:Vla
Surname: Ivanov
Email: Vasyaivanov@spaceweb.com
Password: Ka5@tewung","Пользователь не зарегестрирован. Под формой регистрации сообщение:
Error: Error: All Fields are Required",PASS,,,,,
,19,Ввести четыре знака в поле Name,"Name:Vlad
Surname: Ivanov
Email: Vasyaivanov@spaceweb.com
Password: Ka5@tewung","Пользователь не зарегестрирован. Под формой регистрации сообщение:
Error: Error: All Fields are Required",FAIL,Bug_5,,,,
,20,Ввести пять знаков в поле Name,"Name:Vasya
Surname: Ivanov
Email: Vasyaivanov@spaceweb.com
Password: Ka5@tewung",Пользователь зарегестрирован. Под формой регистрации сообщение: Success! Hello: Vasya Ivanov,PASS,,,,,
,21,Ввести шесть знаков в поле Name,"Name:Vasyan
Surname: Ivanov
Email: Vasyaivanov@spaceweb.com
Password: Ka5@tewung",Пользователь зарегестрирован. Под формой регистрации сообщение: Success! Hello: Vasyan Ivanov,PASS,,,,,
,22,Ввести 69 знаков в поле Name,"Name: Vasyaneohvbhjbvkdjfhbhjbvkdjfhbhjbvkdjfhbhjbvkdjfhbhjbvkdjfhbhjbvkdjfh
Surname: Ivanov
Email: Vasyaivanov@spaceweb.com
Password: Ka5@tewung",Пользователь зарегестрирован. Под формой регистрации сообщение: Success! Hello: Vasyan Ivanov,FAIL,Bug_6,,,,
,23,Ввести 127 знаков в поле Name,"Name: VasyanqVasyaneohvbhjbvkdjfhVasyaneohvbhjbvkdjfhVasyaneohvbhjbvkdjfhVasyaneohvbhjbvkdjfhVasyaneohvbhjbvkdjfhVasyaneohvbhjbvkdjfh
Surname: Ivanov
Email: Vasyaivanov@spaceweb.com
Password: Ka5@tewung",Пользователь зарегестрирован. Под формой регистрации сообщение: Success! Hello: Vasyan Ivanov,FAIL,Bug_7,,,,
,24,Ввести 128 знаков в поле Name,"Name:VasyanqVasyaneohvbhjbvkdjfhVasyaneohvbhjbvkdjfhVasyaneohvbhjbvkdjfhVasyaneohvbhjbvkdjfhVasyaneohvbhjbvkdjfhVasyaneohvbhjbvkdjfhi
Surname: Ivanov
Email: Vasyaivanov@spaceweb.com
Password: Ka5@tewung",Пользователь зарегестрирован. Под формой регистрации сообщение: Success! Hello: Vasyan Ivanov,FAIL,Bug_8,,,,
,25,Ввести 129 знаков в поле Name,"Name:VasyanqVasyaneohvbhjbvkdjfhVasyaneohvbhjbvkdjfhVasyaneohvbhjbvkdjfhVasyaneohvbhjbvkdjfhVasyaneohvbhjbvkdjfhVasyaneohvbhjbvkdjfhiq
Surname: Ivanov
Email: Vasyaivanov@spaceweb.com
Password: Ka5@tewung","Пользователь не зарегестрирован. Под формой регистрации сообщение:
Error: Error: All Fields are Required",PASS,,,,,
,26,Ввести 155 знаков в поле Name,"Name:VasyanqVasyaneohvbhjbvkdjfhVasyaneohvbhjbvkdjfhVasyaneohvbhjbvkdjfhVasyaneohvbhjbvkdjfhVasyaneohvbhjbvkdjfhVasyaneohvbhjbvkdjfhiqtvurfhdksawrytbvciofdsaloi
Surname: Ivanov
Email: Vasyaivanov@spaceweb.com
Password: Ka5@tewung","Пользователь не зарегестрирован. Под формой регистрации сообщение:
Error: Error: All Fields are Required",PASS,,,,,
,,,,,,,,,,
,"Поле Surname
Ввести данные в поле Surname * -(в остальные поля формы ввести валидные данные)",,,,,,,,,
,27,Ввести валидные данные используя латиницу и цифры в поле Surname,"Name: Vladimir
Surname: Ivanov019
Email: Vasyaivanov@spaceweb.com
Password: Ka5@tewung",Пользователь зарегестрирован. Под формой регистрации сообщение: Success! Hello: Vladimir Ivanov019,PASS,,,,,
,28,"Ввести валидные данные используя спецсимвол точка ""."" в начале слова в поле Surname","Name: Vladimir
Surname: .Ivanov
Email: Vasyaivanov@spaceweb.com
Password: Ka5@tewung",Пользователь зарегестрирован. Под формой регистрации сообщение: Success! Hello: Vladimir .Ivanov.,PASS,,,,,
,29,"Ввести валидные данные используя два спецсимвола точка подряд  ""."" в начале слова, в поле Surname","Name: Vladimir
Surname: ..Ivanov
Email: Vasyaivanov@spaceweb.com
Password: Ka5@tewung","Пользователь не зарегестрирован. Под формой регистрации сообщение:
Error: Error: All Fields are Required",FAIL,Bug_9,,,,
,30,"Ввести валидные данные используя спецсимвол пробел "" "" в серелине слова, в поле Surname","Name: Vladimir
Surname: Iva nov
Email: Vasyaivanov@spaceweb.com
Password: Ka5@tewung",Пользователь зарегестрирован. Под формой регистрации сообщение: Success! Hello: Vladimir Iva nov,PASS,,,,,
,31,"Ввести валидные данные используя два спецсимвола пробел "" "" в серелине слова, в поле Surname","Name: Vladimir
Surname: Iva  nov
Email: Vasyaivanov@spaceweb.com
Password: Ka5@tewung","Пользователь не зарегестрирован. Под формой регистрации сообщение:
Error: Error: All Fields are Required",FAIL,Bug_10,,,,
,32,"Ввести валидные данные используя спецсимвол пробел "" "" в начале и в конце слова, в поле Surname","Name: Vladimir
Surname:  Ivanov 
Email: Vasyaivanov@spaceweb.com
Password: Ka5@tewung",Пользователь зарегестрирован. Под формой регистрации сообщение: Success! Hello: Vladimir Ivanov,PASS,,,,,
,33,"Ввести валидные данные используя два спецсимвола пробел "" "" в начале и в конце слова, в поле Surname","Name: Vladimir
Surname:   Ivanov  
Email: Vasyaivanov@spaceweb.com
Password: Ka5@tewung",Пользователь зарегестрирован. Под формой регистрации сообщение: Success! Hello: Vladimir Ivanov,PASS,,,,,
,34,Ввести валидные данные в поле Surname только в нижнем регистре,"Name: Vladimir
Surname: ivanov
Email: Vasyaivanov@spaceweb.com
Password: Ka5@tewung",Пользователь зарегестрирован. Под формой регистрации сообщение: Success! Hello: Vladimir ivanov,PASS,,,,,
,35,Ввести валидные данные в поле Surname только в верхнем регистре,"Name: Vladimir
Surname: IVANOV
Email: Vasyaivanov@spaceweb.com
Password: Ka5@tewung",Пользователь зарегестрирован. Под формой регистрации сообщение: Success! Hello: Vladimir IVANOV,PASS,,,,,
,36,Ввести данные используя кириллицу в поле Surname,"Name: Vladimir
Surname: Иванов
Email: Vasyaivanov@spaceweb.com
Password: Ka5@tewung","Пользователь не зарегестрирован. Под формой регистрации сообщение:
Error: Error: All Fields are Required",FAIL,Bug_11,,,,
,37,Вставить валидные данные из буфера обмена в поле Surname,"Name: Vladimir
Surname:  Ivanov 
Email: Vasyaivanov@spaceweb.com
Password: Ka5@tewung",Пользователь зарегестрирован. Под формой регистрации сообщение: Success! Hello: Vladimir Ivanov,PASS,,,,,
,,,,,,,,,,
,Граничные значения,,,,,,,,,
,,,,,,,,,,
,38,Оставить поле Surname пустым,"Name: Vladimir
Surname: 
Email: Vasyaivanov@spaceweb.com
Password: Ka5@tewung",Пользователь зарегестрирован. Под формой регистрации сообщение: Success! Hello: Vladimir,FAIL,Bug_12,,,,
,39,Вести один знак в поле Surname,"Name: Vladimir
Surname: I
Email: Vasyaivanov@spaceweb.com
Password: Ka5@tewung","Пользователь не зарегестрирован. Под формой регистрации сообщение:
Error: Error: All Fields are Required",FAIL,Bug_13,,,,
,40,Вести три знака в поле Surname,"Name: Vladimir
Surname: Iva
Email: Vasyaivanov@spaceweb.com
Password: Ka5@tewung","Пользователь не зарегестрирован. Под формой регистрации сообщение:
Error: Error: All Fields are Required",FAIL,Bug_14,,,,
,41,Ввести четыре знака в поле Surname,"Name: Vladimir
Surname: Ivan
Email: Vasyaivanov@spaceweb.com
Password: Ka5@tewung","Пользователь не зарегестрирован. Под формой регистрации сообщение:
Error: Error: All Fields are Required",FAIL,Bug_15,,,,
,42,Ввести пять знаков в поле Surname,"Name: Vladimir
Surname: Ivano
Email: Vasyaivanov@spaceweb.com
Password: Ka5@tewung",Пользователь зарегестрирован. Под формой регистрации сообщение: Success! Hello: Vasya Ivanov,PASS,,,,,
,43,Ввести шесть знаков в поле Surname,"Name: Vladimir
Surname: Ivanov
Email: Vasyaivanov@spaceweb.com
Password: Ka5@tewung",Пользователь зарегестрирован. Под формой регистрации сообщение: Success! Hello: Vasyan Ivanov,PASS,,,,,
,44,Ввести 69 знаков в поле Name,"Name: Vladimir
Surname: Ivanovkneohvbhjbvkdjfhjbvkdjfhbhjbvkdjfhbhjbvkdjfhbhjbvkdjfhbhjbvkdjfh
Email: Vasyaivanov@spaceweb.com
Password: Ka5@tewung",Пользователь зарегестрирован. Под формой регистрации сообщение: Success! Hello: Vladimir Ivanovkneohvbhjbvkdjfhbhjbvkdjfhbhjbvkdjfhbhjbvkdjfhbhjbvkdjfhbhjbvkdjfh,PASS,,,,,
,45,Ввести 127 знаков в поле Name,"Name: Vladimir
Surname: IvanovqVasyaneohvbhjbvkdjfhVasyaneohvbhjbvkdjfhVasyaneohvbhjbvkdjfhVasyaneohvbhjbvkdjfhVasyaneohvbhjbvkdjfhVasyaneohvbhjbvkdjfh
Email: Vasyaivanov@spaceweb.com
Password: Ka5@tewung",Пользователь зарегестрирован. Под формой регистрации сообщение: Success! Hello: Vladimir IvanovqVasyaneohvbhjbvkdjfhVasyaneohvbhjbvkdjfhVasyaneohvbhjbvkdjfhVasyaneohvbhjbvkdjfhVasyaneohvbhjbvkdjfhVasyaneohvbhjbvkdjfh,PASS,,,,,
,46,Ввести 128 знаков в поле Name,"Name: Vladimir
Surname: IvanovVasyaneohvbhjbvkdjfhVasyaneohvbhjbvkdjfhVasyaneohvbhjbvkdjfhVasyaneohvbhjbvkdjfhVasyaneohvbhjbvkdjfhVasyaneohvbhjbvkdjfhi
Email: Vasyaivanov@spaceweb.com
Password: Ka5@tewung","Пользователь зарегестрирован. Под формой регистрации сообщение: Success! Hello: Vladimir IvanovVasyaneohvbhjbvkdjfhVasyaneohvbhjbvkdjfhVasyaneohvbhjbvkdjfhVasyaneohvbhjbvkdjfhVasyaneohvbhjbvkdjfhVasyaneohvbhjbvkdjfhi
",PASS,,,,,
,47,Ввести 129 знаков в поле Name,"Name: Vladimir
Surname: IvanovqVasyaneohvbhjbvkdjfhVasyaneohvbhjbvkdjfhVasyaneohvbhjbvkdjfhVasyaneohvbhjbvkdjfhVasyaneohvbhjbvkdjfhVasyaneohvbhjbvkdjfhiq
Email: Vasyaivanov@spaceweb.com
Password: Ka5@tewung","Пользователь не зарегестрирован. Под формой регистрации сообщение:
Error: Error: All Fields are Required",FAIL,Bug_16,,,,
,48,Ввести 155 знаков в поле Name,"Name: Vladimir
Surname: IvanovqVasyaneohvbhjbvkdjfhVasyaneohvbhjbvkdjfhVasyaneohvbhjbvkdjfhVasyaneohvbhjbvkdjfhVasyaneohvbhjbvkdjfhVasyaneohvbhjbvkdjfhiqtvur
Email: Vasyaivanov@spaceweb.com
Password: Ka5@tewung","Пользователь не зарегестрирован. Под формой регистрации сообщение:
Error: Error: All Fields are Required",FAIL,Bug_17,,,,
,"Поле E-mail
Ввести данные в поле E-mail * -(в остальные поля формы ввести валидные данные)",,,,,,,,,
,,,,,,,,,,
,"До знака ""@""",,,,,,,,,
,49,Ввести валидные данные в верхнем регистре в поле Email,"Name: Vladimir
Surname: Ivanov
Email: VASYAIVANOV@spaceweb.com
Password: Ka5@tewung",Пользователь зарегестрирован. Под формой регистрации сообщение: Success! Hello: Vladimir Ivanov,PASS,,,,,
,50,Ввести валидные данные в нижнем регистре в поле Email,"Name: Vladimir
Surname: Ivanov
Email: vasyaivanov@spaceweb.com
Password: Ka5@tewung",Пользователь зарегестрирован. Под формой регистрации сообщение: Success! Hello: Vladimir Ivanov,PASS,,,,,
,51,Ввести валидные данные используя буквы и цыфры в поле Email,"Name: Vladimir
Surname: Ivanov
Email: vasyaivanov135@spaceweb.com
Password: Ka5@tewung",Пользователь зарегестрирован. Под формой регистрации сообщение: Success! Hello: Vladimir Ivanov,PASS,,,,,
,52,"ввести валидные данные используя спецсимвол точка ""."" в поле Email","Name: Vladimir
Surname: Ivanov
Email: vasya.ivanov@spaceweb.com
Password: Ka5@tewung",Пользователь зарегестрирован. Под формой регистрации сообщение: Success! Hello: Vladimir Ivanov,PASS,,,,,
,53,"ввести валидные данные используя спецсимвол тире ""-"" в поле Email","Name: Vladimir
Surname: Ivanov
Email: vasya-ivanov@spaceweb.com
Password: Ka5@tewung",Пользователь зарегестрирован. Под формой регистрации сообщение: Success! Hello: Vladimir Ivanov,PASS,,,,,
,54,"ввести валидные данные используя спецсимвол точка ""."" два раза подряд в поле Email","Name: Vladimir
Surname: Ivanov
Email: vasya..ivanov@spaceweb.com
Password: Ka5@tewung","Пользователь не зарегестрирован.
Под формой регистрации сообщение:
Error: Error: All Fields are Required",FAIL,Bug_18,,,,
,55,"ввести валидные данные используя спецсимвол тире ""-"" два раза подряд в поле Email","Name: Vladimir
Surname: Ivanov
Email: vasya--ivanov@spaceweb.com
Password: Ka5@tewung","Пользователь не зарегестрирован.
Под формой регистрации сообщение:
Error: Error: All Fields are Required",FAIL,Bug_19,,,,
,56,"ввести валидные данные не используя спецсимвол ""@"" в поле Email","Name: Vladimir
Surname: Ivanov
Email: vasyaivanovspaceweb.com
Password: Ka5@tewung","Пользователь не зарегестрирован.
Под формой регистрации сообщение:
Error: Error: All Fields are Required",FAIL,Bug_20,,,,
,57,"ввести валидные данные используя спецсимвол ""@"" два раз подряд в поле Email","Name: Vladimir
Surname: Ivanov
Email: vasyaivanov@@spaceweb.com
Password: Ka5@tewung","Пользователь не зарегестрирован.
Под формой регистрации сообщение:
Error: Error: All Fields are Required",FAIL,Bug_21,,,,
,58,ввести валидные данные используя кириллицу в поле Email,"Name: Vladimir
Surname: Ivanov
Email: Васяиванов@spaceweb.com
Password: Ka5@tewung","Пользователь не зарегестрирован.
Под формой регистрации сообщение:
Error: Error: All Fields are Required",FAIL,Bug_22,,,,
,59,"ввести валидные данные используя спецсимвол пробел "" "" в начале слова в поле Email","Name: Vladimir
Surname: Ivanov
Email:  vasyaivanov@spaceweb.com
Password: Ka5@tewung",Пользователь зарегестрирован. Под формой регистрации сообщение: Success! Hello: Vladimir Ivanov,PASS,,,,,
,60,"ввести валидные данные используя спецсимвол пробел "" "" в середине слова в поле Email","Name: Vladimir
Surname: Ivanov
Email: vasya ivanov@spaceweb.com
Password: Ka5@tewung","Пользователь не зарегестрирован.
Под формой регистрации сообщение:
Error: Error: All Fields are Required",FAIL,Bug_23,,,,
,61,Вставить валидные данные из буфера обмена в поле Email,"Name: Vladimir
Surname: Ivanov
Email: vasyaivanov@spaceweb.com
Password: Ka5@tewung",Пользователь зарегестрирован. Под формой регистрации сообщение: Success! Hello: Vladimir Ivanov,PASS,,,,,
,Граничные значения,,,,,,,,,
,,,,,,,,,,
,62,Не вводить данные в поле Email,"Name: Vladimir
Surname: Ivanov
Email: @spaceweb.com
Password: Ka5@tewung","Пользователь не зарегестрирован.
Под формой регистрации сообщение:
Error: Error: All Fields are Required",FAIL,Bug_24,,,,
,63,Вести один знак в поле Email,"Name: Vladimir
Surname: Ivanov
Email:v@spaceweb.com
Password: Ka5@tewung","Пользователь не зарегестрирован.
Под формой регистрации сообщение:
Error: Error: All Fields are Required",FAIL,Bug_25,,,,
,64,ввести три знака в поле Email,"Name: Vladimir
Surname: Ivanov
Email: nov@spaceweb.com
Password: Ka5@tewung","Пользователь не зарегестрирован.
Под формой регистрации сообщение:
Error: Error: All Fields are Required",FAIL,Bug_26,,,,
,65,ввести четыре знака в поле Email,"Name: Vladimir
Surname: Ivanov
Email: anov@spaceweb.com
Password: Ka5@tewung","Пользователь не зарегестрирован.
Под формой регистрации сообщение:
Error: Error: All Fields are Required",FAIL,Bug_27,,,,
,66,ввести пять знаков в поле Email,"Name: Vladimir
Surname: Ivanov
Email: vanov@spaceweb.com
Password: Ka5@tewung",Пользователь зарегестрирован. Под формой регистрации сообщение: Success! Hello: Vladimir Ivanov,PASS,,,,,
,67,ввести шесть знаков в поле Email,"Name: Vladimir
Surname: Ivanov
Email: ivanov@spaceweb.com
Password: Ka5@tewung",Пользователь зарегестрирован. Под формой регистрации сообщение: Success! Hello: Vladimir Ivanov,PASS,,,,,
,68,ввести 47 знаков в поле Email,"Name: Vladimir
Surname: Ivanov
Email:frewivanovfrewivanovfrewivanovyuhjnbcfrewivanov@spaceweb.com
Password: Ka5@tewung",Пользователь зарегестрирован. Под формой регистрации сообщение: Success! Hello: Vladimir Ivanov,PASS,,,,,
,69,ввести 48 знаков в поле Email,"Name: Vladimir
Surname: Ivanov
Email:sfrewivanovfrewivanovfrewivanovyuhjnbcfrewivanov@spaceweb.com
Password: Ka5@tewung",Пользователь зарегестрирован. Под формой регистрации сообщение: Success! Hello: Vladimir Ivanov,PASS,,,,,
,70,ввести 49 знаков в поле Email,"Name: Vladimir
Surname: Ivanov
Email:uyfrewivanovfrewivanovfrewivanovyuhjnbcfrewivanov@spaceweb.com
Password: Ka5@tewung","Пользователь не зарегестрирован.
Под формой регистрации сообщение:
Error: Error: All Fields are Required",FAIL,Bug_28,,,,
,71,ввести 70 знаков в поле Email,"Name: Vladimir
Surname: Ivanov
Email:fkitopkjuybvc47f8ds32uyfrewivanovfrewivanovfrewivanovyuhjnbcfrewivanov@spaceweb.com
Password: Ka5@tewung","Пользователь не зарегестрирован.
Под формой регистрации сообщение:
Error: Error: All Fields are Required",FAIL,Bug_29,,,,
,"от знака ""@"" до последней точки",,,,,,,,,
,72,Ввести валидные данные в нижнем регистре в поле Email,"Name: Vladimir
Surname: Ivanov
Email: Vasyaivanov@spaceweb.com
Password: Ka5@tewung",Пользователь зарегестрирован. Под формой регистрации сообщение: Success! Hello: Vladimir Ivanov,PASS,,,,,
,73,Ввести валидные данные в верхнем регистре в поле Email,"Name: Vladimir
Surname: Ivanov
Email: Vasyaivanov@SPACEWEB.com
Password: Ka5@tewung",Пользователь зарегестрирован. Под формой регистрации сообщение: Success! Hello: Vladimir Ivanov,PASS,,,,,
,74,Ввести валидные данные используя буквы и цыфры в поле Email,"Name: Vladimir
Surname: Ivanov
Email: Vasyaivanov@spaceweb853.com
Password: Ka5@tewung",Пользователь зарегестрирован. Под формой регистрации сообщение: Success! Hello: Vladimir Ivanov,PASS,,,,,
,75,ввести валидные данные используя кириллицу в поле Email,"Name: Vladimir
Surname: Ivanov
Email: Vasyaivanov@спейсвеб.com
Password: Ka5@tewung","Пользователь не зарегестрирован.
Под формой регистрации сообщение:
Error: Error: All Fields are Required",FAIL,Bug_30,,,,
,76,"ввести валидные данные используя спецсимвол пробел "" "" в середине слова в поле Email","Name: Vladimir
Surname: Ivanov
Email: vasyaivanov@spac eweb.com
Password: Ka5@tewung","Пользователь не зарегестрирован.
Под формой регистрации сообщение:
Error: Error: All Fields are Required",FAIL,Bug_31,,,,
,77,"ввести валидные данные используя спецсимвол точка ""."" в поле Email","Name: Vladimir
Surname: Ivanov
Email: vasyaivanov@space.web.com
Password: Ka5@tewung",Пользователь зарегестрирован. Под формой регистрации сообщение: Success! Hello: Vladimir Ivanov,PASS,,,,,
,78,"ввести валидные данные используя спецсимвол тире ""-"" в поле Email","Name: Vladimir
Surname: Ivanov
Email: vasyaivanov@space-web.com
Password: Ka5@tewung",Пользователь зарегестрирован. Под формой регистрации сообщение: Success! Hello: Vladimir Ivanov,PASS,,,,,
,79,"ввести валидные данные используя спецсимвол точка ""."" два раза подряд в поле Email","Name: Vladimir
Surname: Ivanov
Email: vasyaivanov@space..web.com
Password: Ka5@tewung","Пользователь не зарегестрирован.
Под формой регистрации сообщение:
Error: Error: All Fields are Required",FAIL,Bug_32,,,,
,80,"ввести валидные данные используя спецсимвол тире ""-"" два раза подряд в поле Email","Name: Vladimir
Surname: Ivanov
Email: vasyaivanov@space--web.com
Password: Ka5@tewung","Пользователь не зарегестрирован.
Под формой регистрации сообщение:
Error: Error: All Fields are Required",FAIL,Bug_33,,,,
,Граничные значения,,,,,,,,,
,81,Не вводить данные в поле Email,"Name: Vladimir
Surname: Ivanov
Email: vasyaivanov@.com
Password: Ka5@tewung","Пользователь не зарегестрирован.
Под формой регистрации сообщение:
Error: Error: All Fields are Required",FAIL,Bug_34,,,,
,82,Вести один знак в поле Email,"Name: Vladimir
Surname: Ivanov
Email:  vasyaivanov@b.com
Password: Ka5@tewung","Пользователь не зарегестрирован.
Под формой регистрации сообщение:
Error: Error: All Fields are Required",FAIL,Bug_35,,,,
,83,ввести два знака в поле Email,"Name: Vladimir
Surname: Ivanov
Email: vasyaivanov@eb.com
Password: Ka5@tewung",Пользователь зарегестрирован. Под формой регистрации сообщение: Success! Hello: Vladimir Ivanov,PASS,,,,,
,84,ввести три знака в поле Email,"Name: Vladimir
Surname: Ivanov
Email: vasyaivanov@web.com
Password: Ka5@tewung",Пользователь зарегестрирован. Под формой регистрации сообщение: Success! Hello: Vladimir Ivanov,PASS,,,,,
,85,ввести 16 знаков в поле Email,"Name: Vladimir
Surname: Ivanov
Email:vasyaivanov@traturbospaceweb.com
Password: Ka5@tewung",Пользователь зарегестрирован. Под формой регистрации сообщение: Success! Hello: Vladimir Ivanov,PASS,,,,,
,86,ввести 31 знак в поле Email,"Name: Vladimir
Surname: Ivanov
Email:vasyaivanov@ttraturbospaceweraturbospaceweb.com
Password: Ka5@tewung",Пользователь зарегестрирован. Под формой регистрации сообщение: Success! Hello: Vladimir Ivanov,PASS,,,,,
,87,ввести 32 знака в поле Email,"Name: Vladimir
Surname: Ivanov
Email:vasyaivanov@traturbospacewebtraturbospaceweb.com
Password: Ka5@tewung",Пользователь зарегестрирован. Под формой регистрации сообщение: Success! Hello: Vladimir Ivanov,PASS,,,,,
,88,ввести 33 знака в поле Email,"Name: Vladimir
Surname: Ivanov
Email:vasyaivanov@traturbospacewebjtraturbospaceweb.com
Password: Ka5@tewung","Пользователь не зарегестрирован.
Под формой регистрации сообщение:
Error: Error: All Fields are Required",FAIL,Bug_36,,,,
,89,ввести 50 знаков в поле Email,"Name: Vladimir
Surname: Ivanov
Email:vasyaivanov@traturbospacewebjtraturbospaceweb.com
Password: Ka5@tewung","Пользователь не зарегестрирован.
Под формой регистрации сообщение:
Error: Error: All Fields are Required",FAIL,Bug_37,,,,
,От последней точки до конца,,,,,,,,,
,90,Ввести валидные данные используя буквы и цыфры в поле Email,"Name: Vladimir
Surname: Ivanov
Email: vasyaivanov@spaceweb.com83
Password: Ka5@tewung","Пользователь не зарегестрирован.
Под формой регистрации сообщение:
Error: Error: All Fields are Required",FAIL,Bug_38,,,,
,91,ввести валидные данные используя кириллицу в поле Email,"Name: Vladimir
Surname: Ivanov
Email: vasyaivanov@spaceweb.ком
Password: Ka5@tewung","Пользователь не зарегестрирован.
Под формой регистрации сообщение:
Error: Error: All Fields are Required",FAIL,Bug_39,,,,
,92,Ввести валидные данные в верхнем регистре в поле Email,"Name: Vladimir
Surname: Ivanov
Email: vasyaivanov@spaceweb.COM
Password: Ka5@tewung",Пользователь зарегестрирован. Под формой регистрации сообщение: Success! Hello: Vladimir Ivanov,PASS,,,,,
,93,ввести валидные данные используя пробел в конце слова,"Name: Vladimir
Surname: Ivanov
Email: vasyaivanov@spaceweb.com
Password: Ka5@tewung",Пользователь зарегестрирован. Под формой регистрации сообщение: Success! Hello: Vladimir Ivanov,PASS,,,,,
,94,ввести валидные данные используя пробел в начале слова,"Name: Vladimir
Surname: Ivanov
Email: vasyaivanov@spaceweb. com
Password: Ka5@tewung","Пользователь не зарегестрирован.
Под формой регистрации сообщение:
Error: Error: All Fields are Required",FAIL,Bug_40,,,,
,95,оставить поле пустым,"Name: Vladimir
Surname: Ivanov
Email: vasyaivanov@spaceweb.
Password: Ka5@tewung","Пользователь не зарегестрирован.
Под формой регистрации сообщение:
Error: Error: All Fields are Required",FAIL,Bug_41,,,,
,Граничные значения,,,,,,,,,
,96,Не вводить данные в поле Email,"Name: Vladimir
Surname: Ivanov
Email: vasyaivanov@spaceweb.
Password: Ka5@tewung","Пользователь не зарегестрирован.
Под формой регистрации сообщение:
Error: Error: All Fields are Required",FAIL,Bug_42,,,,
,97,Вести один знак в поле Email,"Name: Vladimir
Surname: Ivanov
Email: vasyaivanov@spaceweb.c
Password: Ka5@tewung","Пользователь не зарегестрирован.
Под формой регистрации сообщение:
Error: Error: All Fields are Required",FAIL,Bug_43,,,,
,98,Вести два знака в поле Email,"Name: Vladimir
Surname: Ivanov
Email: vasyaivanov@spaceweb.co
Password: Ka5@tewung",Пользователь зарегестрирован. Под формой регистрации сообщение: Success! Hello: Vladimir Ivanov,PASS,,,,,
,99,Вести три знака в поле Email,"Name: Vladimir
Surname: Ivanov
Email: vasyaivanov@spaceweb.com
Password: Ka5@tewung",Пользователь зарегестрирован. Под формой регистрации сообщение: Success! Hello: Vladimir Ivanov,PASS,,,,,
,100,Вести 8 знаков в поле Email,"Name: Vladimir
Surname: Ivanov
Email: vasyaivanov@spaceweb.comateku
Password: Ka5@tewung",Пользователь зарегестрирован. Под формой регистрации сообщение: Success! Hello: Vladimir Ivanov,PASS,,,,,
,101,Вести 15 знаков в поле Email,"Name: Vladimir
Surname: Ivanov
Email: vasyaivanov@spaceweb.comatekupertiyf
Password: Ka5@tewung",Пользователь зарегестрирован. Под формой регистрации сообщение: Success! Hello: Vladimir Ivanov,PASS,,,,,
,102,Вести 16 знаков в поле Email,"Name: Vladimir
Surname: Ivanov
Email: vasyaivanov@spaceweb.comatekupertiyfo
Password: Ka5@tewung",Пользователь зарегестрирован. Под формой регистрации сообщение: Success! Hello: Vladimir Ivanov,PASS,,,,,
,103,Вести 17 знаков в поле Email,"Name: Vladimir
Surname: Ivanov
Email:vasyaivanov@spaceweb.comatekupertiyfov
Password: Ka5@tewung","Пользователь не зарегестрирован.
Под формой регистрации сообщение:
Error: Error: All Fields are Required",FAIL,Bug_44,,,,
,104,Вести 25 знаков в поле Email,"Name: Vladimir
Surname: Ivanov
Email: vasyaivanov@spaceweb.comatekupertiyfovgiklrszx
Password: Ka5@tewung","Пользователь не зарегестрирован.
Под формой регистрации сообщение:
Error: Error: All Fields are Required",FAIL,Bug_45,,,,
,"Поле Password
Ввести данные в поле Password * -(в остальные поля формы ввести валидные данные)",,,,,,,,,
,105,ввести буквы в нижнем регистре,"Name: Vladimir
Surname: Ivanov
Email: vasyaivanov@spaceweb.comatekupertiyfovgiklrszx
Password: ka5@tewung","Пользователь не зарегестрирован.
Под формой регистрации сообщение:
Error: Error: All Fields are Required",FAIL,Bug_46,,,,
,106,ввести буквы в верхнем регистре,"Name: Vladimir
Surname: Ivanov
Email: vasyaivanov@spaceweb.comatekupertiyfovgiklrszx
Password: KA5@TEWUNG","Пользователь не зарегестрирован.
Под формой регистрации сообщение:
Error: Error: All Fields are Required",FAIL,Bug_47,,,,
,107,"ввести в поле password символы не используя обязательный спецсимвол ""@""","Name: Vladimir
Surname: Ivanov
Email: vasyaivanov@spaceweb.comatekupertiyfovgiklrszx
Password: Ka5tewung","Пользователь не зарегестрирован.
Под формой регистрации сообщение:
Error: Error: All Fields are Required",FAIL,Bug_48,,,,
,108,ввести в поле password символы без цифр,"Name: Vladimir
Surname: Ivanov
Email: vasyaivanov@spaceweb.comatekupertiyfovgiklrszx
Password: Ka@tewung","Пользователь не зарегестрирован.
Под формой регистрации сообщение:
Error: Error: All Fields are Required",FAIL,Bug_49,,,,